Unit: 2012 USD,GDP
2014,119530165662.26256
2015,119530165662.26256
2016,119530165662.26256
2017,119530165662.26256
2018,119530165662.26256
2019,119530165662.26256
2020,119530165662.26256
2021,121883998907.84488
2022,124208193862.7398
2023,126493258739.60126
2024,128729680198.66016
2025,130908347880.33612
2026,133021133814.56364
2027,135060213469.34464
2028,137144201356.65144
2029,139274314336.31265
2030,141451416409.8822
2031,143676669804.30246
2032,145951266719.42035
2033,148276264928.10938
2034,150653010304.0049
2035,153082595404.5888
2036,155566320091.57928
2037,158105706066.2861
2038,160701846387.41025
2039,163355793214.17087
2040,166069644649.88898
2041,168844240336.86823
2042,171681388974.49805
2043,174582436135.6823
2044,177548712356.75064
2045,180582108737.51907
2046,183684234592.40308
2047,186856514787.17447
2048,190100923423.53897
2049,193418967667.4511
2050,196812555559.93405
2051,196812555559.93405
2052,196812555559.93405
2053,196812555559.93405
2054,196812555559.93405
2055,196812555559.93405
2056,196812555559.93405
2057,196812555559.93405
2058,196812555559.93405
2059,196812555559.93405
2060,196812555559.93405
