,ISIC 01T03,ISIC 05,ISIC 06,ISIC 07T08,ISIC 09,ISIC 10T12,ISIC 13T15,ISIC 16,ISIC 17T18,ISIC 19,ISIC 20,ISIC 21,ISIC 22,ISIC 231,ISIC 239,ISIC 241,ISIC 242,ISIC 25,ISIC 26,ISIC 27,ISIC 28,ISIC 29,ISIC 30,ISIC 31T33,ISIC 351,ISIC 352T353,ISIC 36T39,ISIC 41T43,ISIC 45T47,ISIC 49T53,ISIC 55T56,ISIC 58T60,ISIC 61,ISIC 62T63,ISIC 64T66,ISIC 68,ISIC 69T82,ISIC 84,ISIC 85,ISIC 86T88,ISIC 90T96,ISIC 97T98
ISIC 01T03,1.212171438917083,0,4.4534191601731997e-4,0.001773908027471958,9.365563812345288e-4,0.2018464913380083,0.019656233014878708,0.11973821242000725,0.017933909447362575,8.451746481846623e-4,0.01695561583682759,0.016955615836827583,0.01096749700040904,0.0013564245625905436,0.0013564245625905422,6.596018121183614e-4,6.558050457507001e-4,5.985443369494135e-4,3.488762124165152e-4,0.001042146349998914,8.496438795847496e-4,0.001358575862848336,4.0495119221631857e-4,0.007653602183931528,3.311791211882026e-4,3.317011981530367e-4,6.428106133357092e-4,0.003284510783125778,0.0015121091698536968,8.267065859400892e-4,0.018480582234462316,4.2987078174550975e-4,4.256463635216776e-4,6.428721542532888e-4,3.843808028208481e-4,4.896015474275477e-4,0.0012481118404765906,0.004831668379207794,0.002475755638267491,0.002342103008644656,0.0015680517104210865,0
ISIC 05,0,1,0,0,0,0,0,0,0,0,0,0,0,0,0,0,0,0,0,0,0,0,0,0,0,0,0,0,0,0,0,0,0,0,0,0,0,0,0,0,0,0
ISIC 06,0.0036108455276424893,0,1.0117285134734293,0.004758999357343242,0.0035009585362203487,0.0013518679797257353,0.001097483216167774,0.0019279587114081997,0.0019913192115108462,0.23332331455564015,0.003749781490375084,0.0037497814903750823,0.001979606308937782,0.0013173891147521626,0.001317389114752162,0.0069670511874167125,0.0023358677336118017,0.001515330119348444,2.564112176421379e-4,0.0012746675207801399,9.820065469942996e-4,7.558616350828762e-4,3.5340451279987746e-4,0.001114346765367493,0.007715537010974514,0.006968617398907159,0.003758285806051581,0.002782965336903691,5.360422001040588e-4,0.006015302770702232,7.773536511946894e-4,2.625628522673735e-4,2.352028485497484e-4,4.1906350900972506e-4,4.0855807349408007e-4,2.8836222297964697e-4,5.070823822351936e-4,0.004027750069514009,7.506857088929456e-4,4.913408500843552e-4,6.004621100386983e-4,0
ISIC 07T08,0.0019264241315333362,0,0.003106075343367529,1.0283156044025072,0.0022303080535435358,0.0014599317617041531,8.761712678845193e-4,8.520904790421128e-4,0.0038998898007070212,0.0036977431076915626,0.004935339666033609,0.004935339666033606,0.0016047777299795312,0.03624381252642738,0.036243812526427346,0.020823361650162877,0.021173746835224203,0.003242619846770379,3.6604869805932606e-4,0.002456748095107585,0.0017346204373552242,0.0015927556784627248,6.620851754818529e-4,0.0011886834852666032,0.004911858905179558,0.004419098789785106,0.0020073597590418513,0.005363935202267767,1.951116358363994e-4,4.39127981752792e-4,6.528656768490057e-4,2.542793485879636e-4,3.863440843752341e-4,3.809689160787796e-4,1.0508763650508131e-4,3.7004985861241165e-4,3.9459391048565464e-4,0.0014980285886365267,6.63688982880547e-4,3.2315914179637114e-4,0.0010227470787430612,0
ISIC 09,2.3476082896967698e-4,0,0.05187935686671333,0.008963476270117959,1.0213922921507153,1.0868151141376511e-4,8.321607629837452e-5,1.380670564318666e-4,1.7815965379573996e-4,0.012639360936836014,2.6552119612700977e-4,2.655211961270097e-4,1.463990177530842e-4,4.1344633912098144e-4,4.134463391209811e-4,5.815675926303498e-4,3.3486864030560714e-4,1.4399560623077972e-4,2.9643355988887485e-5,1.105184312838859e-4,9.493197059985667e-5,7.513729836139975e-5,4.100171646229985e-5,9.30395639593214e-5,5.064644560131088e-4,4.649167403647311e-4,2.505088881111963e-4,2.1366073527482574e-4,5.763277925402381e-5,3.647107865834746e-4,7.878269556394248e-5,3.224539486317276e-5,3.7374294633562934e-5,4.0631780625820743e-5,4.239773732170088e-5,1.361924422523736e-4,5.4365145714771404e-5,3.1739861212260373e-4,8.058093126985647e-5,4.995828128461638e-5,7.439344508815075e-5,0
ISIC 10T12,0.04308188453064594,0,6.560029893681924e-4,8.040060708029256e-4,9.07556223277773e-4,1.1168554934289594,0.0058542097820728205,0.00527838107505381,0.003380935374520062,0.0014613470414813624,0.007562679083630372,0.0075626790836303675,0.0036814031826865297,0.0030881003097206028,0.003088100309720599,6.832139919067912e-4,6.672936155477493e-4,6.825785525231673e-4,3.2093168196152164e-4,6.552245863107917e-4,7.475395029954305e-4,9.24208225859551e-4,4.206505057456388e-4,0.001397952963372127,6.027560687193235e-4,5.841014781986575e-4,0.001013090699799698,9.880419225924897e-4,0.0017944909483569346,8.914166935964752e-4,0.045757067959911114,5.400672549207673e-4,5.043279923279302e-4,0.0011438311331541792,7.149504777366731e-4,6.003741966724036e-4,0.0014878961070884517,0.011390487073839042,0.009414568496455921,0.008766077084195406,0.003804330596592298,0
ISIC 13T15,4.893068697580542e-4,0,1.353165363265393e-4,2.616583081417983e-4,2.2297370198594006e-4,6.646308620784858e-4,1.0746293427042337,0.0024199669033855673,0.009943754710975071,1.9810168837349805e-4,5.591067390832954e-4,5.591067390832952e-4,0.0069033491236230775,0.0012039533719913095,0.0012039533719913086,2.1453550442703556e-4,2.1487173553395313e-4,2.1995886890133326e-4,1.419498245365255e-4,3.2736867505063597e-4,8.449549002970777e-4,0.0038428341191402665,0.0017715135243338285,0.014788421276376713,8.911170237054366e-5,9.516244520962021e-5,0.001066517526265403,7.709361702531624e-4,0.001953309652069905,2.3883467061539703e-4,0.0017824327200621835,8.834780312638415e-4,0.001294059994058565,1.6017857156349531e-4,9.80630004566876e-5,1.0310000646735367e-4,3.1377765419240815e-4,0.0014988504908355488,2.918685653286883e-4,0.0020720416855926813,0.0021239238850937927,0
ISIC 16,0.0018566618754298568,0,4.7000899397680446e-4,0.0024873608020738957,0.0027745587674953207,0.0015554734947117778,0.0013126320043588377,1.1821249563125433,0.018982735106368987,6.659421545731208e-4,9.506973303896324e-4,9.506973303896321e-4,0.007572503757486847,0.002327451990166249,0.0023274519901662462,0.0024657936623297514,0.002502618101812871,0.0012647586541365444,9.85669158553304e-4,0.005058127415955409,0.002923452074450975,0.005505945882285781,0.0010321555337127006,0.045767121015502475,5.305621789777803e-4,5.642841649180873e-4,7.864668409551669e-4,0.021213595647685386,0.00217516449016038,0.003932600425703917,0.0017643208171141548,8.023717658381621e-4,0.0011077124352762747,0.0010750256938592496,3.8157419802821153e-4,0.0018677268950329632,8.31689610719896e-4,0.0016134247300861801,5.835843270749255e-4,0.0015264283887765364,0.0010530348103925421,0
ISIC 17T18,0.003092597740340501,0,0.0019570873454802136,0.00328767640462588,0.0025202932684235705,0.026530734798331377,0.008886171275369921,0.011420512130252913,1.195822226420905,0.0017983384451828739,0.009281430375400176,0.009281430375400173,0.018364201702409585,0.011791033794832382,0.011791033794832376,0.006831083296295647,0.006934051795310759,0.006699325885070423,0.002803907628725908,0.00995917703206007,0.0069136122765036424,0.00983881533182963,0.00287242437399659,0.016456342391065932,9.180178746833928e-4,0.001067377890586243,0.0035166109727511633,0.003656926010679476,0.006947921464415599,0.0036789744128759233,0.009320602539672616,0.006927690681395131,0.0022807050795869963,0.0052674324401530874,0.003602321626401035,8.342799984883103e-4,0.005823810338396955,0.007338077624201308,0.0033606532039513696,0.006270043566308779,0.003941634722518692,0
ISIC 19,0.014649089323000818,0,0.008954097413542712,0.018074662778899183,0.011315543269936876,0.005404775032658596,0.004416959828684561,0.007684825340932007,0.007911857740512547,1.0215894486603605,0.013747246696761457,0.013747246696761452,0.007951256008625656,0.005101592749222081,0.005101592749222079,0.007620093964506066,0.007334285021713381,0.004861920126833291,8.933654005559391e-4,0.0043540095880331316,0.0032592062195096446,0.002495411987605075,0.0011877346821168116,0.004194202126911268,0.01798326228927265,0.016355397156474098,0.01085910267204326,0.011231328374699779,0.0020999636394954126,0.024423431536482784,0.0030586237627509456,9.305115249159605e-4,8.853991702982844e-4,0.0016392331720070838,0.0016355140056821327,0.0011010326939013848,0.0020050203980095153,0.015166116849017962,0.0022229731868221043,0.0019413935220072378,0.002334297060274528,0
ISIC 20,0.026629605041759364,0,0.010081963698749334,0.010325175603794963,0.009247034032824609,0.011370083962942675,0.0632079372397178,0.017304707631873723,0.024647309606247555,0.02669159493930566,1.1317052959916056,0.13170529599160524,0.11371754113545465,0.01429238806895233,0.014292388068952316,0.0047662422591110455,0.0043176559066045355,0.008849305497831486,0.004871159232048971,0.009634991990045937,0.006359976906731277,0.012220639190479889,0.0037564771437494614,0.017375652231458306,0.0019170485871292577,0.0018359505031775973,0.006284639826259414,0.006151662237165814,0.0021452821124926503,0.0024789163644973133,0.00308607678212885,0.0018244172434124725,0.0021391558361937195,0.0018248313522236678,7.188911514166015e-4,0.0015848915602237462,0.005091450020445185,0.0064738407744525444,0.0018336985710814314,0.010463021474340658,0.00418589580863409,0
ISIC 21,0.002958845004639928,0,0.001120218188749926,0.0011472417337549956,0.0010274482258694011,0.001263342662549187,0.007023104137746425,0.0019227452924304132,0.0027385899562497283,0.002965732771033964,0.014633921776845036,1.0146339217768447,0.012635282348383845,0.0015880431187724807,0.0015880431187724792,5.295824732345607e-4,4.7973954517828166e-4,9.832561664257203e-4,5.412399146721081e-4,0.0010705546655606604,7.066641007479198e-4,0.0013578487989422104,4.173863493054959e-4,0.0019306280257175895,2.1300539856991755e-4,2.0399450035306634e-4,6.98293314028824e-4,6.835180263517571e-4,2.383646791658501e-4,2.7543515161081264e-4,3.428974202365389e-4,2.0271302704583035e-4,2.3768398179930216e-4,2.0275903913596316e-4,7.987679460184464e-5,1.760990622470829e-4,5.657166689383538e-4,7.19315641605838e-4,2.0374428567571464e-4,0.0011625579415934064,4.650995342926765e-4,0
ISIC 22,0.00457372213386499,0,0.001696874320688393,0.010099033785087976,0.007228674207712356,0.013762880398131592,0.011104048445906995,0.009501698466081622,0.01375370814104032,0.0020730000509970275,0.010853442752110982,0.010853442752110982,1.0458828339738429,0.006245179279551571,0.006245179279551564,0.0027785548639220107,0.002792990310623368,0.005276339398817798,0.006060453177532597,0.010984930896653994,0.017892502226836197,0.026993751873728607,0.0072822760959287795,0.022630554091623758,6.593549540338627e-4,8.53877194461981e-4,0.0029366538070921323,0.01157982884781655,0.004376869556291888,0.002867256916006101,0.0048989405773197,0.0024788653961570198,0.004112207005121026,0.002439494253660271,6.749511241127202e-4,7.108569228076816e-4,0.00208762349679568,0.004052774191689892,0.0017374741882852335,0.005127237290706228,0.0033487559648424335,0
ISIC 231,7.218560996007934e-5,0,3.141180296678969e-4,4.376771112521102e-4,6.434939959495679e-4,3.622398470364092e-4,7.470071767964298e-5,7.393567026093744e-4,2.4064758908498668e-4,3.291558742996191e-4,1.9262305026664355e-4,1.9262305026664355e-4,6.190552458541543e-4,1.0073081647836846,0.0073081647836842735,7.813324660406198e-4,7.905838678737657e-4,4.4303349862630286e-4,9.97260252521146e-5,0.0010872947215944746,4.684066073069116e-4,9.508364995767888e-4,1.2752385802618e-4,4.445981212192834e-4,6.245981838389346e-5,6.340849637124672e-5,1.8414362246782569e-4,0.0027292545828467734,6.070088399455558e-5,7.878386914508774e-5,2.1248568007625483e-4,1.301015004830262e-4,2.559828423650489e-4,8.12879171188111e-5,2.5198826746579388e-5,9.656661763752712e-5,1.0306566205728248e-4,1.767416548983935e-4,5.5777096470794926e-5,1.9208914680707122e-4,1.6725474266286684e-4,0
ISIC 239,6.496704896407145e-4,0,0.0028270622670110712,0.003939094001268991,0.005791445963546104,0.0032601586233276802,6.723064591167866e-4,0.0066542103234843684,0.0021658283017648794,0.002962402868696573,0.0017336074523997922,0.0017336074523997922,0.005571497212687386,0.06577348305315851,1.0657734830531578,0.0070319921943655765,0.007115254810863888,0.003987301487636724,8.97534227269031e-4,0.009785652494350271,0.004215659465762203,0.008557528496191097,0.001147714722235619,0.00400138309097355,5.62138365455041e-4,5.706764673412204e-4,0.00165729260221043,0.02456329124562096,5.463079559510001e-4,7.090548223057893e-4,0.001912371120686293,0.0011709135043472358,0.002303845581285439,7.315912540692993e-4,2.2678944071921443e-4,8.69099558737744e-4,9.275909585155421e-4,0.0015906748940855413,5.019938682371544e-4,0.0017288023212636396,0.001505292683965801,0
ISIC 241,0.0023026189348343876,0,0.007590565601897027,0.004932073798371073,0.00463178615468294,0.002740973361938147,0.0014042035271555182,0.0038753998931497355,0.004494430710188322,0.0037288474725160493,0.002345801275936613,0.002345801275936613,0.004894215852937657,0.005745463534105191,0.005745463534105189,1.1092898826253452,0.11144963076790532,0.06742221544582917,0.0068060144388488505,0.043405461362746915,0.03697203420142279,0.028990289329577694,0.011011340857683965,0.01659021854302918,0.0018903192018490036,0.0018409625641037427,0.0035982713090167723,0.005394915644262211,7.805982489430746e-4,0.0031785273653550166,9.152213572094596e-4,8.037782159425948e-4,0.0012793295156808585,9.960741924021042e-4,3.0858511889459106e-4,5.216101478269033e-4,8.579772678750374e-4,0.002068452638365783,8.006668073534697e-4,8.429568169179615e-4,0.001566884849972757,0
ISIC 242,0.0017081189519030323,0,0.007227183917060226,0.004198554705366838,0.004172570558920674,0.0025216328559301495,0.0012249512552317948,0.003563528729469873,0.004173345952768978,0.00285268878598736,0.0017879005254957218,0.0017879005254957218,0.004571532206385731,0.005538426991733012,0.005538426991733012,0.1089806384373999,1.1111519854860665,0.0672249054718994,0.00676975923528831,0.04322876378321176,0.036839766727374004,0.02888901870781225,0.01096313934613084,0.01642000638595369,0.0011605093899014146,0.001177215957337364,0.0031575793171232376,0.0049391177185459855,6.953759992653208e-4,0.0021873579273499924,7.910940661092651e-4,7.660155213830501e-4,0.0012433976034627182,9.29549641196822e-4,2.4221150159843796e-4,4.7692723933350693e-4,7.766080737830794e-4,0.0014529702688426812,7.104524948809806e-4,7.641697749218301e-4,0.0014721527112103148,0
ISIC 25,0.0046797356412720485,0,0.016179878778180067,0.008009131017469626,0.007175182317905507,0.01073080354672366,0.005021523847371312,0.017528327613877508,0.017106048746348093,0.006087245176814756,0.007841587048356233,0.007841587048356233,0.016877611179541487,0.008370754947578283,0.00837075494757828,0.011295973944851372,0.011402543023731454,1.0487783036938538,0.012305665653434723,0.03432729104884383,0.03559918852173534,0.02726716156090947,0.02188332042275573,0.023936021159381437,0.001990317541662778,0.00325445994740039,0.01175101063161414,0.025944397661139526,0.0020490622261294562,0.0037332996007899627,0.0035580417029090544,0.004714636299503643,0.0084452040550480785,0.003576040895462762,6.875771304956895e-4,0.001439388550664518,0.00229604567607861,0.003537359132448932,0.0016247599488434154,0.0023527659394683973,0.004165821359324365,0
ISIC 26,7.083750787122541e-4,0,0.0010761302689683105,0.0012626854040931814,0.0019262428685921994,0.0024845559533056764,0.0024057315109276113,0.005781421865101716,0.0017404556174786575,9.81148682264761e-4,0.0035543303497913696,0.0035543303497913696,0.004429879411797831,0.0023811469479260426,0.002381146947926042,0.002890984790914024,0.0029300594834108995,0.007554490402746004,1.0482546884824888,0.009480261051240139,0.00887284274299448,0.018457893853779203,0.02256391049232471,0.005660701501623374,5.019331015474613e-4,5.317385885596415e-4,0.004037610396008223,0.003304760433026402,0.0063566962838912935,0.00123243211922062,9.914652495851683e-4,0.007594434893710465,0.01216042306646885,0.007728191047866444,8.351567196753782e-4,3.843817914100353e-4,0.004698841431053506,0.0022598229083795832,0.0015669332432551816,0.002467031760368875,0.0029476990157769663,0
ISIC 27,0.005560433504207982,0,0.0015877147510033026,0.002271546686342295,0.005403051765012381,0.0030343938182303258,0.0010988796080232898,0.0048984783793398655,0.0032861486924363626,0.0011073258445515742,0.0017956367084829806,0.0017956367084829806,0.003906307940195087,0.001454176532258786,0.0014541765322587856,0.00594104382054874,0.006039940287461967,0.007232500506098757,0.006897186080656516,1.055394496107103,0.02965366840100622,0.009831611616098862,0.004799499528562874,0.003421785609217583,5.316282523773955e-4,5.549518449354153e-4,0.0063717498662277374,0.015692549421368975,0.0012488586856834198,0.0010541122243270407,0.0014333262667384629,0.002177422954572229,0.0041430687535892645,0.0036097430076976206,3.774041907146611e-4,8.577466567834774e-4,0.001601299163627205,0.002153413662121195,0.0013113213818798548,0.0013047656746639437,0.0036448677232965646,0
ISIC 28,0.005917213506850338,0,0.01966175336608612,0.02674252294471431,0.030707809218071445,0.00551572510279894,0.001436075165123385,0.005354027655522394,0.008341614473889696,0.005395085172017925,0.005151392612808793,0.005151392612808794,0.00670723717240236,0.002731111678622046,0.0027311116786220458,0.004214509564572125,0.004190355330278751,0.010603779755943933,0.0029735845320451896,0.01336565827909608,1.062540960052702,0.04215351438299272,0.009533412358243221,0.0036424470179266524,0.0031036331853495766,0.002989474391842413,0.022347197558654778,0.013632472782989196,0.0017297937280296258,0.005177787147502927,0.0015501897849925573,0.0013728153989368912,0.0019889057754903664,0.0034420837999085572,6.676437753313896e-4,7.348031459607073e-4,0.00223093010754238,0.0026266240815506717,0.003956246424613764,0.0014384857689613484,0.0055000659136897985,0
ISIC 29,0.0031431612758604315,0,0.003048203619896135,0.00663092954375867,0.004839861460688934,0.005670482067177263,0.0016651929588009404,0.014990595843608897,0.006676708093238948,0.0014156831336418173,0.0023280981192632254,0.0023280981192632254,0.003232365066685871,0.003922048181233972,0.0039220481812339714,0.0034698476706294065,0.0035118752808820735,0.003981882681285486,0.0026738629152313702,0.0052883204733826196,0.022458325063332306,1.1691188224329219,0.007040612128021136,0.005682357738279829,6.75808877895037e-4,6.774804019390775e-4,0.006610057213121007,0.0021952447298331026,0.00394269934909821,0.009030095075260662,0.0018135506726717713,0.001262280289556355,0.0016734579554595393,9.489577579218496e-4,4.15351056878796e-4,3.3561181889448037e-4,0.0036000329089651024,0.0033196873353447728,0.0014804109426736951,0.002169784874303479,0.008843977410546653,0
ISIC 30,1.2579060721437516e-4,0,2.4324538471480722e-4,3.221931849712141e-4,2.70981203925494e-4,2.411905866116594e-4,2.0924550817303712e-4,3.2883683362280413e-4,2.3004366625782404e-4,1.5680204502454588e-4,2.1573587786051656e-4,2.1573587786051656e-4,2.2944816414345777e-4,2.502480444843327e-4,2.502480444843326e-4,2.153173708365155e-4,2.1651457741989833e-4,3.5288242759479567e-4,8.816268041316966e-4,3.191693502521067e-4,5.450282654682663e-4,0.0011816067730431132,1.163579429549134,2.5483145772556173e-4,1.6145413831730458e-4,1.630219427156028e-4,4.548746543893526e-4,1.9814772532347354e-4,3.497967172580352e-4,0.0021067915217846444,2.2756048287835636e-4,2.704296760670003e-4,3.3842989519433403e-4,3.3314091916354145e-4,1.264723295139114e-4,8.846892049236273e-5,3.511042023504575e-4,0.002211709175648881,1.3908457125810407e-4,2.216575861574829e-4,2.9839158362770867e-4,0
ISIC 31T33,3.076854677084787e-4,0,3.5363714791354173e-4,7.155483110876964e-4,6.036619038047004e-4,3.079132347731622e-4,0.001935475782640906,0.003473369951364194,4.3472859187433996e-4,2.697513357313397e-4,5.556293166616206e-4,5.556293166616206e-4,0.0013571098696388221,5.306994641943581e-4,5.30699464194358e-4,2.9737053066346974e-4,2.9793561137594394e-4,4.103785963481924e-4,6.04176460935656e-4,0.002636217808088893,0.004095894214778018,0.0030016840656998025,8.455011099963918e-4,1.0297447577349583,2.0704860175010917e-4,2.1367842293201357e-4,0.0010376526852919476,0.006385323095103679,0.0010459351524941005,3.923522958993423e-4,9.895297550918428e-4,3.1939120583801675e-4,4.5793779317720057e-4,4.63912041506797e-4,1.7151584582590887e-4,9.377551713965943e-4,8.115157047108604e-4,0.0016489480407842565,7.442489725521998e-4,0.009887315052540525,0.0017879776412708772,0
ISIC 351,0.004254428733723232,0,0.006934106841020288,0.00692237370084961,0.0015458052133402744,0.0028027916956678105,0.002493518017610011,0.00373924000525224,0.00578098197076037,0.009555247132995036,0.0036862791282913725,0.0036862791282913725,0.004069277780490987,0.00546146349285092,0.005461463492850919,0.004626920752298153,0.004526088624882685,0.0028940001612789415,9.218295858810535e-4,0.0017510479486717093,0.001822674433133426,0.0016523530271883762,0.0019322021934234268,0.001964007019942606,1.011178355398259,0.010499259965278824,0.007306295725123698,0.0016376504699551098,0.0024617273154754035,0.002381192371473116,0.003926421792765786,9.820153085046315e-4,0.0013898217816661544,9.259981438250062e-4,6.179218456181795e-4,0.0014270971943133929,0.0012473952935364383,0.002393839673585127,0.002577211152874139,0.0015645520776217108,0.002043186096212147,0
ISIC 352T353,0.0013465171516640552,0,0.002558887126431952,0.002179617535222166,4.979278219392292e-4,8.784678375624788e-4,7.818605640172483e-4,0.0011713228898158345,0.0018056770635268983,0.003795163710907812,0.001167017779149443,0.001167017779149443,0.0012730933559676378,0.0017027903542017036,0.0017027903542017032,0.0014629694472345705,0.0014152534294656607,9.054797012467575e-4,2.878548639510273e-4,5.497481239192596e-4,5.709813461876885e-4,5.164540839031661e-4,6.018774204219922e-4,6.15650400773279e-4,0.0037550234718953628,1.003513767166552,0.0023015950376272755,5.223293591083382e-4,7.68348768988085e-4,7.778726667666455e-4,0.0012235771151647447,3.075097612831232e-4,4.3397661931972125e-4,2.9166698590091255e-4,1.9458965049741424e-4,4.359474725685624e-4,3.9083062769513073e-4,7.81380365921637e-4,8.035069474491724e-4,4.8811822769862125e-4,6.365328022794485e-4,0
ISIC 36T39,8.529766229356491e-4,0,0.0012663261757841341,0.001393753035179321,4.373567578083784e-4,6.906634847070207e-4,5.755663165140346e-4,8.47148316795477e-4,0.001262563364581211,0.0017021197956244834,9.01986145562964e-4,9.01986145562964e-4,9.155634070701346e-4,0.0012232844037297565,0.0012232844037297565,9.986084798727054e-4,9.842148425304325e-4,6.706156662116664e-4,2.1499325196233955e-4,4.0472534871013784e-4,4.4447344021773783e-4,3.769780467169142e-4,4.3528181435133765e-4,5.054109788114493e-4,0.0020530314156181535,0.0019762379564299396,1.0075501890910534,4.344029017244383e-4,6.316479185735206e-4,6.626574150546986e-4,0.0010050121584576108,2.3634753455285072e-4,3.1312893906195377e-4,2.5507783335521533e-4,2.2619819252490413e-4,0.0010608470370951533,4.3235028418213693e-4,0.001211652679753681,6.278508427914109e-4,5.486882394685668e-4,6.455814976555665e-4,0
ISIC 41T43,0.0051681898898588525,0,0.0027332724239106576,0.03322220441175239,0.020884613189063,0.004290816447939236,0.0029643601839005715,0.005026499899437182,0.008022565222323448,0.015960135737496634,0.004257071112733462,0.004257071112733462,0.005078195787899064,0.009170564300335731,0.009170564300335731,0.007103964117228046,0.006922769416177849,0.005607105375591263,0.0021941535356354482,0.002839094939570296,0.003929401149110101,0.0029144481118822275,0.002308351505508269,0.0036489700581670784,0.012160782348195178,0.012848430338572128,0.006268525341976798,1.0019470285638616,0.005595602756673829,0.00788182803922517,0.0064316111156351875,0.0028205242174976887,0.004238856409082546,0.0021123678862335947,0.004270745315861174,0.03066934393766156,0.0034996450984606754,0.022094103279231697,0.008272957177748931,0.004112653771033612,0.007566230094288878,0
ISIC 45T47,0.03835542103092153,0,0.011857099081641276,0.020500582894285933,0.016468176542811925,0.038649757364668226,0.022956983548068372,0.042218451198747134,0.03254316896224414,0.017683199194709058,0.030057425122760325,0.03005742512276032,0.029491994436813176,0.020894147219180374,0.02089414721918037,0.03424330881699094,0.03458212385367118,0.023010386379231137,0.012358366718322219,0.027305102424639287,0.03443003147799838,0.04483534219896844,0.016662814307986155,0.030800627040377147,0.012695389023114453,0.012265306068064809,0.01780427208024141,0.06310309266651956,1.0124763195049853,0.029420909145979997,0.021820617871102017,0.010530050586643802,0.011113570081069083,0.007342132489710702,0.0044256992743340415,0.006668939560729677,0.010350263710819626,0.011687373176941837,0.007164314908697789,0.012144328424938304,0.015570347148008241,0
ISIC 49T53,0.026018306941864487,0,0.0077396477989453765,0.025382365225901222,0.01199246024066019,0.03870368315583385,0.022009457232351204,0.045025407512943774,0.042289333214849685,0.020919184523047252,0.018813028947622375,0.018813028947622375,0.030266639424937736,0.053133330343992265,0.053133330343992265,0.04136950170781441,0.041787909262179644,0.01948669799538081,0.005208231629873799,0.01601792895381463,0.016211194349928487,0.017394093310142064,0.008273163642902813,0.022662760470156775,0.03116047669360413,0.03052664420334541,0.030115928923655656,0.01670468562652907,0.03548985072109997,1.1396370478073392,0.012300573341359169,0.0077798202978222875,0.0053253804039655505,0.01698849259823914,0.008439026051838118,0.004618818273700042,0.012883563563393688,0.016724057905739203,0.007289813142702821,0.013207731199476923,0.009062769108554474,0
ISIC 55T56,0.0017425833888912255,0,0.0017497061955928134,0.0019488487059842114,0.006406260627267261,0.0022091395570899407,0.0018776617035033702,0.0031123676121433946,0.0031466744531053153,0.0014228012453736407,0.0015675982931185855,0.0015675982931185855,0.00332378780134356,0.00392290254617858,0.003922902546178579,0.0024549749483999805,0.0024760929227991783,0.002878596799544467,8.227900764811248e-4,0.001513727613224761,0.002526548586788913,0.0018054205492307942,0.0012411825140247416,0.002988589597852245,0.0061767566708327065,0.005783464083862583,0.008349023195124419,0.0016660143658573123,0.005677459557149112,0.0050942402166666385,1.0135608320986411,0.0033854239149435886,0.002917313767974571,0.01564320444586349,0.010994705767789983,0.00847320920625845,0.012523730306103828,0.006001336293440877,0.006646214232869852,0.022459192390861582,0.00504950467110852,0
ISIC 58T60,5.967327494490297e-4,0,9.135980967341519e-4,8.775447988313334e-4,0.0014887501656201652,7.596886214705082e-4,6.864951765878642e-4,0.0010766148725399225,8.950753041745161e-4,4.44398952345985e-4,5.198184696649775e-4,5.198184696649775e-4,6.783988863528958e-4,0.0015440290312429118,0.0015440290312429118,6.048391949909185e-4,6.081217557913362e-4,9.975437701556314e-4,3.9687447747392446e-4,5.36640351067913e-4,9.90725316464551e-4,5.443479897968154e-4,7.563279522410773e-4,9.082757842425526e-4,9.006103490970077e-4,0.0013343407795777479,0.0017426988801664323,0.001028085641002953,0.001587697784373796,0.001297178956409476,0.0023656708946663716,1.0205942675352562,0.023809297057116915,0.0034149522569089028,0.0014555549383682175,6.12452031628427e-4,0.0020693530542481003,0.00519294609829182,0.0018361241448525396,0.001674569417658104,0.001772657402039943,0
ISIC 61,0.0011350006816408615,0,0.0019376411257437747,0.0018814602072410875,0.0030762965581663014,0.0015576442519226808,0.0014497768185214985,0.002076094409160751,0.001775022569742577,9.270248569902963e-4,0.0010968682408646017,0.0010968682408646017,0.0013694968591152381,0.0030907986134356066,0.003090798613435606,0.0012114254712605114,0.0012172442252877307,0.0019709780457594027,7.934049743894292e-4,0.0011046845140434056,0.002006654371991032,0.0011116916825608363,0.001399309392463223,0.0017985940616366519,0.0016736241952841691,0.0025341635506731875,0.003434818106801894,0.0019464081749321375,0.0029092480862418146,0.0025277149758301328,0.004045185437953744,0.02314684790296844,1.0376216531723967,0.005962737936958023,0.002730447579602949,0.0012064678986661403,0.0036022849210389607,0.009338534649523693,0.0028486616992324473,0.0027290853751108287,0.0033135575134857474,0
ISIC 62T63,0.0017085902490578484,0,0.008936242277110044,0.005491519336082498,0.0032697601524126407,0.002998423770913932,0.0027994058509500917,0.004490856124404024,0.003999207603101567,0.0035173988768861303,0.0019788022499095913,0.0019788022499095913,0.003173975192802519,0.005089773792501693,0.005089773792501693,0.0029637313360124664,0.0029524034588154844,0.005212126816998943,0.002167404467944574,0.00262722365221304,0.0060590068668839306,0.0026996268546194586,0.006229395439884957,0.004610820431292452,0.005766527647464975,0.005477920767209672,0.007139378525987391,0.0036596803513560027,0.007680629772172732,0.00452892767911321,0.0077842621127189714,0.016814015866549497,0.01258768230573493,1.0159153229964506,0.0078084777383041785,0.0015698785871621867,0.009236467412275594,0.01286959629638374,0.006574811084552024,0.005398828592181882,0.006098581210869387,0
ISIC 64T66,0.005941793192092274,0,0.010127446910189419,0.011395964967219185,0.0296451010689282,0.005226503203670415,0.006860349619536944,0.004715765894493067,0.0044938730263894815,0.004088422948575215,0.004232579905925927,0.004232579905925927,0.0046428390539273,0.0063461391311961,0.006346139131196099,0.0062084189365502265,0.006251793439184027,0.006022577131470951,0.003532895522850065,0.006286397164716819,0.00639521311995897,0.005881260332309158,0.0036076578925430245,0.0071741206991613885,0.005856784525667678,0.0071876792729451645,0.007161998785941444,0.0035021478330720624,0.009554979122927965,0.012767873174817129,0.009875090145648163,0.006464620772135278,0.007121675819942088,0.005402772227428659,1.0673203207866884,0.014788308315124205,0.011653358465901674,0.0069900312306206275,0.005860954652127447,0.009487128431982333,0.008047601701871191,0
ISIC 68,0.014242971744831131,0,0.013090977337970246,0.01013295650803523,0.016562107779741254,0.014683761145709325,0.01712124823716641,0.015753577485035072,0.01962801473287853,0.006781767680456672,0.012484985422126713,0.012484985422126713,0.018764548843389642,0.015689229586765996,0.015689229586765992,0.008627993576783004,0.00866576682279716,0.020414660198932722,0.012139967480869505,0.01121914069925232,0.013225879738534929,0.010407552304203978,0.00853487861343935,0.021575245163668967,0.02211633431405136,0.021296885466154533,0.03173985621985846,0.017595575553551977,0.06848521595946792,0.032603556577305036,0.06452561527136352,0.03184021101180986,0.03821714889674269,0.026905928316694836,0.029437559454095364,1.0385758889057073,0.056297490933975645,0.01671148079640042,0.09840377723291009,0.07436412308152592,0.09154819024046212,0
ISIC 69T82,0.01247015569249685,0,0.07657669683999793,0.07196101811933149,0.0736147253965416,0.03961599028255498,0.0462526030522139,0.023693911245273182,0.03482209522490327,0.0337300121673617,0.040508641056844714,0.040508641056844714,0.028902035145733793,0.03693332236399267,0.03693332236399267,0.027290696378857403,0.02715894984668819,0.04001916598527703,0.024280599118856116,0.029607739418706435,0.04766504413773774,0.03179476423990598,0.030459888471056306,0.03481818630534601,0.032711671074021904,0.033569668527835037,0.056118070347534715,0.02893996945719519,0.06443563541400057,0.05475954145289299,0.06872895168057978,0.047939379062488546,0.04530553033084125,0.06606688341910114,0.03550805395374809,0.023063846178574456,1.0657372855076415,0.02946934950833149,0.03353340101793472,0.05667628720986098,0.042741755235706,0
ISIC 84,0.004321635308734964,0,0.005368167952883525,0.00637753530212349,0.005186817762496254,0.006463234795968373,0.0063042852921381684,0.0053287574605123955,0.007047927275619593,0.0051900400867892675,0.005531138671434106,0.005531138671434106,0.0049046226963978265,0.006643374557561391,0.006643374557561389,0.004956877417419108,0.004952106976873903,0.004476667854338931,0.0018704621781636837,0.0030671536497263925,0.004244269084578199,0.0031391583344627994,0.0029831181358118664,0.00474804671104325,0.00674418641122376,0.006765799407459395,0.013655527797715492,0.0028827672201964536,0.006730857185236313,0.007740483959395662,0.008551582970032888,0.004511409800466525,0.004518576020813134,0.005247656412958651,0.00495475695663582,0.004024479693861518,0.00647202261806148,1.0077940604267273,0.005354323425418709,0.007656001607438576,0.0066973092978108795,0
ISIC 85,1.2240581172392467e-4,0,4.934193532642791e-4,4.562137456647504e-4,5.29827749635063e-4,2.7830488864003764e-4,2.991175265950104e-4,2.2882523717790892e-4,2.873988584950122e-4,2.370865725197129e-4,2.6027258276585134e-4,2.6027258276585134e-4,2.469490682456142e-4,3.1488996457700204e-4,3.14889964577002e-4,2.2287653824654125e-4,2.2258580506944822e-4,3.078640065947034e-4,1.5577775057954902e-4,2.065699652952315e-4,3.46393350651343e-4,2.2697233804252944e-4,2.301773683468187e-4,2.790640457380972e-4,3.7141183468962724e-4,3.648605422579205e-4,5.362416624327932e-4,2.2320923463192265e-4,6.491413885813268e-4,4.354340834715393e-4,6.806557818152836e-4,3.898104201706733e-4,3.4763255262717916e-4,7.862642936936841e-4,4.621538950646736e-4,3.059366279106338e-4,6.650669487161964e-4,8.064758191942897e-4,1.0012315972747043,7.678494474721978e-4,8.486475280193841e-4,0
ISIC 86T88,1.9144119873136325e-4,0,3.9462493162756686e-4,4.04693984785473e-4,3.509432318207249e-4,2.8973461927278186e-4,2.596725478094913e-4,2.7623334901136047e-4,2.8199355508183295e-4,2.3493943886520436e-4,2.503774192926601e-4,2.503774192926601e-4,2.3647845066004003e-4,2.702269465393903e-4,2.7022694653939025e-4,2.4270203425827888e-4,2.4286085470710605e-4,2.7394045960905543e-4,1.3589275510903322e-4,2.1083258479109244e-4,3.3563517841291035e-4,2.672515760238984e-4,2.3006687106621445e-4,2.72378669409689e-4,2.6093285616508524e-4,2.5600510272968805e-4,3.668560938997664e-4,3.223039196432527e-4,3.595038626749435e-4,3.385438061416917e-4,4.208288297523341e-4,3.0025973448253776e-4,2.46692320480376e-4,4.7245891320900216e-4,2.643017322106036e-4,1.796863398745214e-4,4.18768480028052e-4,0.0039548954429415245,2.4624459680616434e-4,1.0102239196885094,3.8203346890837366e-4,0
ISIC 90T96,0.0023900470674876,0,0.002267556567460266,0.0032736887486043056,0.006137808996331424,0.0042138129970348695,0.003241401081043908,0.005339967119733582,0.008047992636274134,0.003195844532989549,0.004131839473492147,0.004131839473492147,0.005418847913416361,0.008822510270845067,0.008822510270845066,0.006669396080289646,0.006740463936828814,0.006096992666937376,0.0022052974028751,0.002927497505894741,0.00448493069377323,0.0033419007505667664,0.0026072469628771796,0.004108363723215405,0.003417043052817105,0.004289148174446724,0.02281028777835663,0.00506729787527652,0.00927207250024057,0.013905680465712672,0.012039216445935906,0.015112767082297671,0.019908556254272028,0.006551218475961832,0.006556918976614603,0.007615194735711797,0.013037259669873808,0.010589377772974059,0.008832555964150467,0.00889507510419673,1.0127104835079843,0
ISIC 97T98,0,0,0,0,0,0,0,0,0,0,0,0,0,0,0,0,0,0,0,0,0,0,0,0,0,0,0,0,0,0,0,0,0,0,0,0,0,0,0,0,0,1
