Pollutant:,OC,Unit: grams,,,,,,,,,,,,,,,,,,,,,,,,,,,,,,,,,,
,2015.0,2016.0,2017.0,2018.0,2019.0,2020.0,2021.0,2022.0,2023.0,2024.0,2025.0,2026.0,2027.0,2028.0,2029.0,2030.0,2031.0,2032.0,2033.0,2034.0,2035.0,2036.0,2037.0,2038.0,2039.0,2040.0,2041.0,2042.0,2043.0,2044.0,2045.0,2046.0,2047.0,2048.0,2049.0,2050.0
agriculture and forestry 01T03,0.0,0.0,0.0,0.0,0.0,215218.04511278198,216701.75438596492,218185.46365914788,230729.65879265094,235587.21229503085,238077.0376617293,240018.06671296532,241913.4761918403,243617.359297866,245503.3313076229,247334.51653913065,246903.08930493647,247047.30762259278,246003.05847792834,245537.99071109178,245021.32881277188,244821.93776944536,244534.32951615282,244543.6753269587,244549.0246980324,244536.29970518034,244441.2860466776,244796.62527373413,245051.13719929007,245405.99028474663,246063.3353432054,248155.25243425826,250287.06998284438,252472.57047168363,254364.27337696354,256308.983169477
coal mining 05,0.0,0.0,0.0,0.0,0.0,0.0,0.0,0.0,0.0,0.0,0.0,0.0,0.0,0.0,0.0,0.0,0.0,0.0,0.0,0.0,0.0,0.0,0.0,0.0,0.0,0.0,0.0,0.0,0.0,0.0,0.0,0.0,0.0,0.0,0.0,0.0
oil and gas extraction 06,0.0,0.0,0.0,0.0,0.0,13837772.824156305,14087851.865008881,13348270.194295164,13391696.546052631,14490923.843118781,14741073.297229353,14229450.190944938,14511753.370194063,14967354.887918197,15290188.955589144,15706560.861113971,16003416.919230878,16247658.004095046,16362500.566244198,16407561.65071032,16523924.305050513,16502889.285274036,16541120.440706804,16603796.720615001,16618589.127752788,16893167.47789191,16955313.473787367,17105134.677966584,17145858.578091383,17220691.277851608,17346492.00171242,17485873.80257045,17549585.195324402,17478371.676487543,17558087.79687679,17716394.742065538
other mining and quarrying 07T08,0.0,0.0,0.0,0.0,0.0,0.0,0.0,0.0,0.0,0.0,0.0,0.0,0.0,0.0,0.0,0.0,0.0,0.0,0.0,0.0,0.0,0.0,0.0,0.0,0.0,0.0,0.0,0.0,0.0,0.0,0.0,0.0,0.0,0.0,0.0,0.0
food beverage and tobacco 10T12,0.0,0.0,0.0,0.0,0.0,0.0,0.0,0.0,0.0,0.0,0.0,0.0,0.0,0.0,0.0,0.0,0.0,0.0,0.0,0.0,0.0,0.0,0.0,0.0,0.0,0.0,0.0,0.0,0.0,0.0,0.0,0.0,0.0,0.0,0.0,0.0
textiles apparel and leather 13T15,0.0,0.0,0.0,0.0,0.0,0.0,0.0,0.0,0.0,0.0,0.0,0.0,0.0,0.0,0.0,0.0,0.0,0.0,0.0,0.0,0.0,0.0,0.0,0.0,0.0,0.0,0.0,0.0,0.0,0.0,0.0,0.0,0.0,0.0,0.0,0.0
wood products 16,0.0,0.0,0.0,0.0,0.0,0.0,0.0,0.0,0.0,0.0,0.0,0.0,0.0,0.0,0.0,0.0,0.0,0.0,0.0,0.0,0.0,0.0,0.0,0.0,0.0,0.0,0.0,0.0,0.0,0.0,0.0,0.0,0.0,0.0,0.0,0.0
pulp paper and printing 17T18,0.0,0.0,0.0,0.0,0.0,183671346.76564157,186316436.90349948,197400060.76455355,204559385.52183962,202503479.7844221,202328208.91694176,203105866.7083127,202940074.96715188,203790536.0489649,205186026.16678312,206240752.0765029,208299203.63942224,210289021.06004706,211487453.31268468,213020285.5573307,214492747.94272298,214907864.01155627,215734168.29971457,217812795.30397886,217930587.9386421,219908017.06850776,222699314.661269,224821977.98528332,226407876.69898492,227279046.2445805,227991673.29129443,228778650.3674774,228751186.94845507,229078513.03938764,229704417.4569662,230461961.82788628
refined petroleum and coke 19,0.0,0.0,0.0,0.0,0.0,16687732.469852613,16735581.062974542,16787178.46772392,15528302.309627257,20317521.03103665,21352147.54943145,22560846.11859532,23492447.150250424,23338842.226014946,22848243.730580527,22719016.862570282,22398247.14403293,22969615.55491174,23099717.542872448,23060829.00968699,23468327.260297213,23507741.673471544,23779459.872762356,23518048.88167186,23536222.017350446,23577357.113931548,23341231.294040482,23554260.868511032,23456775.774808288,23611839.469340567,23686042.88481434,25426069.04281543,25413712.634860214,24330494.645756498,23668725.24027528,23908969.93042182
chemicals 20,0.0,0.0,0.0,0.0,0.0,36426467.410875045,25442710.85901052,23815988.409402,25925005.900900904,28963544.92329102,25776904.86055875,23603353.509070396,24622714.267020818,25752068.2931422,26864993.969841395,27856145.141487446,28569827.13541754,29249773.519609954,30249243.477708217,31068568.60407218,31773915.49805352,32736111.22378058,33646842.943968646,34379110.98402822,34917072.12624145,35528226.91082035,36167019.88582316,37400975.739476345,38667607.637325756,39639650.9642779,40743386.32764087,41239443.155082285,41470145.43174856,41669195.008324064,42352977.37327439,43238296.92102393
rubber and plastic products 22,0.0,0.0,0.0,0.0,0.0,0.0,0.0,0.0,0.0,0.0,0.0,0.0,0.0,0.0,0.0,0.0,0.0,0.0,0.0,0.0,0.0,0.0,0.0,0.0,0.0,0.0,0.0,0.0,0.0,0.0,0.0,0.0,0.0,0.0,0.0,0.0
glass and glass products 231,0.0,0.0,0.0,0.0,0.0,0.0,0.0,0.0,0.0,0.0,0.0,0.0,0.0,0.0,0.0,0.0,0.0,0.0,0.0,0.0,0.0,0.0,0.0,0.0,0.0,0.0,0.0,0.0,0.0,0.0,0.0,0.0,0.0,0.0,0.0,0.0
cement and other nonmetallic minerals 239,0.0,0.0,0.0,0.0,0.0,22614908.18211453,23665217.863740087,22566071.42857143,23523494.570582427,26763431.31816801,24357510.384112902,22549385.412036974,21429537.684859067,20515780.44554597,20240661.593004815,19927817.208421778,19649109.427277483,19398918.51710683,16093570.270529708,15478727.297554059,14794480.409744902,14142241.806534989,13736353.141593764,13392470.825836942,12836617.39302032,12478836.686874468,12089965.813296163,11754458.58250345,11503541.991458332,11317319.58007557,11024773.536743337,10837127.996452695,10669143.279887479,10490140.855797622,10363572.624606907,10269223.470697057
iron and steel 241,0.0,0.0,0.0,0.0,0.0,86653319.75560081,87651690.42769858,103389976.24703088,100643669.72477065,97564478.08192909,91046140.67651743,81909073.92944723,78498722.22749403,79591692.17576946,79846817.90159869,78927210.73367994,77226705.93961225,74355479.66616729,74356704.25700986,75618905.04594415,75966074.39901409,76767607.76250675,77610300.93959653,78341853.01804064,79280026.85876389,79955312.98613083,80185923.905532,80983383.10290022,82474719.93648714,83340681.65652135,83598286.43713146,83354675.5832401,82376564.3674978,81250334.6392029,81294879.43827282,82052133.27253458
other metals 242,0.0,0.0,0.0,0.0,0.0,3119849.76076555,3215011.8022328545,3259914.6596858636,3541058.351893096,3659413.5326027963,3618765.918889128,3602653.643336448,3681339.8457056037,3815014.192542456,3924762.820691379,4017461.833218032,4070521.5820267196,4078897.4854753725,4076695.5154314525,4086737.2394322953,4111738.8239498897,4150456.0272534424,4192372.77590058,4225027.5975989355,4249242.282558332,4291382.85131536,4323542.203649011,4348659.376337256,4389837.267819924,4433152.084209213,4454856.271642326,4461922.55008505,4467581.336704944,4478296.817896554,4489654.478038575,4488559.418869093
metal products except machinery and vehicles 25,0.0,0.0,0.0,0.0,0.0,0.0,0.0,0.0,0.0,0.0,0.0,0.0,0.0,0.0,0.0,0.0,0.0,0.0,0.0,0.0,0.0,0.0,0.0,0.0,0.0,0.0,0.0,0.0,0.0,0.0,0.0,0.0,0.0,0.0,0.0,0.0
computers and electronics 26,0.0,0.0,0.0,0.0,0.0,0.0,0.0,0.0,0.0,0.0,0.0,0.0,0.0,0.0,0.0,0.0,0.0,0.0,0.0,0.0,0.0,0.0,0.0,0.0,0.0,0.0,0.0,0.0,0.0,0.0,0.0,0.0,0.0,0.0,0.0,0.0
appliances and electrical equipment 27,0.0,0.0,0.0,0.0,0.0,0.0,0.0,0.0,0.0,0.0,0.0,0.0,0.0,0.0,0.0,0.0,0.0,0.0,0.0,0.0,0.0,0.0,0.0,0.0,0.0,0.0,0.0,0.0,0.0,0.0,0.0,0.0,0.0,0.0,0.0,0.0
other machinery 28,0.0,0.0,0.0,0.0,0.0,0.0,0.0,0.0,0.0,0.0,0.0,0.0,0.0,0.0,0.0,0.0,0.0,0.0,0.0,0.0,0.0,0.0,0.0,0.0,0.0,0.0,0.0,0.0,0.0,0.0,0.0,0.0,0.0,0.0,0.0,0.0
road vehicles 29,0.0,0.0,0.0,0.0,0.0,0.0,0.0,0.0,0.0,0.0,0.0,0.0,0.0,0.0,0.0,0.0,0.0,0.0,0.0,0.0,0.0,0.0,0.0,0.0,0.0,0.0,0.0,0.0,0.0,0.0,0.0,0.0,0.0,0.0,0.0,0.0
nonroad vehicles 30,0.0,0.0,0.0,0.0,0.0,0.0,0.0,0.0,0.0,0.0,0.0,0.0,0.0,0.0,0.0,0.0,0.0,0.0,0.0,0.0,0.0,0.0,0.0,0.0,0.0,0.0,0.0,0.0,0.0,0.0,0.0,0.0,0.0,0.0,0.0,0.0
other manufacturing 31T33,0.0,0.0,0.0,0.0,0.0,10890686.704473851,10981698.739760553,11940379.407819944,12982546.639427211,12770696.57468872,12425272.120365513,12249526.645234682,12224222.829686206,12268229.03947195,12452058.938211968,12677295.37611796,12896232.960818196,13266923.095873594,13583805.971710652,13911995.871552708,14192113.36074473,14360226.356603997,14576300.704316303,14892406.66231987,15086820.196876245,15378400.948078705,15662693.918700857,15903684.62125453,16094052.574950205,16281798.833934551,16498737.983783768,16874554.100395214,17109004.45577528,17312128.50677916,17536234.594145045,17766118.8892622
energy pipelines and gas processing 352T353,0.0,0.0,0.0,0.0,0.0,6816542.993326978,6790406.101048618,7834633.101468477,8567036.874236874,9838479.729597466,10020686.731379231,10077906.91929024,10737922.486585882,11567539.192550307,11697410.781301916,11884791.974410491,11746973.936558122,11502893.64841785,11090255.959657984,10813990.790304404,10701130.905285379,10690253.932930812,10699459.654716905,10567498.649148108,10615712.393038409,10564436.113944937,10456049.038442919,10446126.216489982,10505280.190595765,10556334.844436152,10613673.69699459,10649444.455580851,10578801.439597778,10534834.772701045,10586981.784430042,10705057.585662635
water and waste 36T39,0.0,0.0,0.0,0.0,0.0,0.0,0.0,0.0,0.0,0.0,0.0,0.0,0.0,0.0,0.0,0.0,0.0,0.0,0.0,0.0,0.0,0.0,0.0,0.0,0.0,0.0,0.0,0.0,0.0,0.0,0.0,0.0,0.0,0.0,0.0,0.0
construction 41T43,0.0,0.0,0.0,0.0,0.0,0.0,0.0,0.0,0.0,0.0,0.0,0.0,0.0,0.0,0.0,0.0,0.0,0.0,0.0,0.0,0.0,0.0,0.0,0.0,0.0,0.0,0.0,0.0,0.0,0.0,0.0,0.0,0.0,0.0,0.0,0.0
