Policy:,crop and rice measures,Unit: g CO2e,,,,,,,,,,,,,,,,,,,,,,,,,,,,,,,,,,,
Lower Bound,Upper Bound,2015.0,2016.0,2017.0,2018.0,2019.0,2020.0,2021.0,2022.0,2023.0,2024.0,2025.0,2026.0,2027.0,2028.0,2029.0,2030.0,2031.0,2032.0,2033.0,2034.0,2035.0,2036.0,2037.0,2038.0,2039.0,2040.0,2041.0,2042.0,2043.0,2044.0,2045.0,2046.0,2047.0,2048.0,2049.0,2050.0
-1150.0,-1100.0,0.0,0.0,0.0,0.0,0.0,0.0,0.0,0.0,0.0,0.0,0.0,0.0,0.0,0.0,0.0,0.0,0.0,0.0,0.0,0.0,0.0,0.0,0.0,0.0,0.0,0.0,0.0,0.0,0.0,0.0,0.0,0.0,0.0,0.0,0.0,0.0
-1100.0,-1050.0,0.0,0.0,0.0,0.0,0.0,0.0,0.0,0.0,0.0,0.0,0.0,0.0,0.0,0.0,0.0,0.0,0.0,0.0,0.0,0.0,0.0,0.0,0.0,0.0,0.0,0.0,19919463.08724832,39838926.17449664,59758389.26174496,79677852.34899329,99597315.43624161,79677852.34899329,59758389.26174496,39838926.17449663,19919463.087248314,0.0
-1050.0,-1000.0,0.0,0.0,0.0,0.0,0.0,0.0,0.0,0.0,0.0,0.0,0.0,0.0,0.0,0.0,0.0,0.0,0.0,0.0,0.0,0.0,0.0,0.0,0.0,0.0,0.0,0.0,571874120.8053691,1143748241.6107383,1715622362.4161074,2287496483.2214766,2859370604.026846,2284057664.42953,1708744724.8322146,1133431785.234899,558118845.6375835,-17194093.959731545
-1000.0,-950.0,0.0,0.0,0.0,0.0,0.0,0.0,0.0,0.0,0.0,0.0,0.0,0.0,0.0,0.0,0.0,0.0,0.0,0.0,0.0,0.0,0.0,20630872.48322148,41261744.96644296,61892617.44966444,82523489.93288592,103154362.41610739,82523489.93288592,61892617.44966444,41261744.96644296,20630872.48322148,0.0,1422818.791946309,2845637.583892618,4268456.375838926,5691275.167785235,7114093.959731543
-950.0,-900.0,0.0,0.0,0.0,0.0,0.0,0.0,0.0,0.0,0.0,0.0,0.0,0.0,0.0,0.0,0.0,0.0,0.0,0.0,0.0,0.0,0.0,595528483.2214764,1191056966.4429529,1786585449.6644294,2382113932.8859057,2977642416.1073823,2378497261.7449665,1779352107.3825505,1180206953.0201344,581061798.6577184,-18083355.70469799,-14466684.563758392,-10850013.422818795,-7233342.281879197,-3616671.140939599,0.0
-900.0,-850.0,0.0,0.0,0.0,0.0,0.0,0.0,0.0,0.0,0.0,0.0,0.0,375973127.51677847,751946255.0335569,1127919382.5503354,1503892510.0671139,1879865637.583892,1525234791.9463086,1170603946.3087249,815973100.671141,461342255.0335572,106711409.39597315,85369127.51677851,64026845.63758388,42684563.75838925,21342281.87919462,0.0,1422818.791946309,2845637.583892618,4268456.375838926,5691275.167785235,7114093.959731543,5691275.167785235,4268456.375838926,2845637.583892618,1422818.791946309,0.0
-850.0,-800.0,0.0,0.0,0.0,0.0,0.0,0.0,0.0,0.0,0.0,0.0,0.0,0.0,0.0,0.0,0.0,0.0,615757503.3557047,1231515006.7114093,1847272510.0671139,2463030013.4228187,3078787516.7785234,2459413342.2818794,1840039167.7852352,1220664993.288591,601290818.7919466,-18083355.70469799,-14466684.563758392,-10850013.422818795,-7233342.281879197,-3616671.140939599,0.0,0.0,0.0,0.0,0.0,0.0
-800.0,-750.0,0.0,0.0,0.0,0.0,0.0,0.0,0.0,0.0,0.0,0.0,0.0,0.0,0.0,0.0,0.0,0.0,-3616671.140939598,-7233342.281879196,-10850013.422818795,-14466684.563758392,-18083355.70469799,-13043865.771812083,-8004375.838926177,-2964885.906040272,2074604.026845634,7114093.959731543,5691275.167785235,4268456.375838926,2845637.583892618,1422818.791946309,0.0,1808402684.5637584,3616805369.1275167,5425208053.691275,7233610738.2550335,9042013422.818792
-750.0,-700.0,0.0,0.0,0.0,0.0,0.0,0.0,0.0,0.0,0.0,0.0,0.0,0.0,0.0,0.0,0.0,0.0,0.0,0.0,0.0,0.0,0.0,0.0,0.0,0.0,0.0,0.0,1796486577.1812084,3592973154.3624167,5389459731.543625,7185946308.7248335,8982432885.906042,7423596456.37584,5864760026.845638,4305923597.315436,2747087167.7852345,1188250738.2550335
-700.0,-650.0,0.0,0.0,0.0,0.0,0.0,0.0,0.0,0.0,0.0,0.0,0.0,1820852348.9932888,3641704697.9865775,5462557046.979866,7283409395.973155,9104261744.966444,7285010067.114095,5465758389.261745,3646506711.409396,1827255033.5570471,8003355.704697987,1882567114.09396,3757130872.4832215,5631694630.872483,7506258389.261745,9380822147.651007,7835858201.342281,6290894255.033556,4745930308.724831,3200966362.4161057,1656002416.1073825,1459745718.1208053,1263489020.1342282,1067232322.1476511,870975624.1610739,674718926.1744968
-650.0,-600.0,0.0,0.0,0.0,0.0,0.0,0.0,1839348993.2885907,3678697986.5771813,5518046979.865772,7357395973.154363,9196744966.442953,7357395973.154363,5518046979.865772,3678697986.577182,1839348993.2885911,0.0,1946771812.080537,3893543624.161074,5840315436.2416115,7787087248.322148,9733859060.402685,8120599812.080538,6507340563.75839,4894081315.436243,3280822067.114095,1667562818.7919462,1470950416.1073825,1274338013.422819,1077725610.7382553,881113208.0536915,684500805.3691275,570675302.0134228,456849798.6577182,343024295.3020135,229198791.94630882,115373288.59060404
-600.0,-550.0,0.0,0.0,0.0,0.0,0.0,0.0,0.0,0.0,0.0,0.0,0.0,0.0,0.0,0.0,0.0,0.0,475926147.6510067,951852295.3020134,1427778442.95302,1903704590.6040268,2379630738.2550335,2043272536.9127517,1706914335.5704699,1370556134.2281883,1034197932.8859062,697839731.5436242,559338899.3288591,420838067.114094,282337234.89932895,143836402.68456385,5335570.469798658,4268456.375838926,3201342.281879194,2134228.187919463,1067114.093959732,0.0
-550.0,-500.0,0.0,0.0,0.0,0.0,0.0,0.0,84124161.07382551,168248322.14765102,252372483.22147653,336496644.29530203,420620805.3691275,570266711.409396,719912617.4496646,869558523.4899331,1019204429.5302017,1168850335.57047,935080268.4563761,701310201.342282,467540134.22818804,233770067.11409402,0.0,1067114.093959732,2134228.187919463,3201342.281879194,4268456.375838926,5335570.469798658,28588080.53691275,51840590.60402684,75093100.67114094,98345610.73825502,121598120.80536911,97278496.64429529,72958872.48322147,48639248.32214765,24319624.161073826,0.0
-500.0,-450.0,0.0,0.0,0.0,0.0,0.0,0.0,668764241.6107383,1337528483.2214766,2006292724.8322148,2675056966.442953,3343821208.0536914,2675056966.442953,2006292724.8322148,1337528483.2214766,668764241.6107383,0.0,1244966.44295302,2489932.88590604,3734899.32885906,4979865.77181208,6224832.214765101,30188751.67785235,54152671.1409396,78116590.60402685,102080510.0671141,126044429.53020135,100835543.62416106,75626657.71812081,50417771.81208055,25208885.906040277,0.0,94617449.66442953,189234899.32885906,283852348.9932886,378469798.6577181,473087248.32214767
-450.0,-400.0,0.0,0.0,0.0,0.0,0.0,0.0,0.0,0.0,0.0,0.0,0.0,0.0,0.0,0.0,0.0,0.0,26098147.65100671,52196295.30201342,78294442.95302013,104392590.60402684,130490738.25503355,104392590.60402684,78294442.95302013,52196295.30201342,26098147.651006702,0.0,99953020.13422818,199906040.26845637,299859060.40268457,399812080.53691274,499765100.6711409,399812080.53691274,299859060.40268457,199906040.26845637,99953020.13422821,0.0
-400.0,-350.0,0.0,0.0,0.0,0.0,0.0,0.0,0.0,0.0,0.0,0.0,0.0,73630872.48322147,147261744.96644294,220892617.4496644,294523489.9328859,368154362.41610736,294523489.9328859,220892617.4496644,147261744.96644294,73630872.48322147,0.0,104932885.90604027,209865771.81208053,314798657.7181208,419731543.62416106,524664429.5302013,419731543.62416106,314798657.7181208,209865771.81208056,104932885.90604028,0.0,0.0,0.0,0.0,0.0,0.0
-350.0,-300.0,0.0,0.0,0.0,0.0,0.0,0.0,343195409.39597315,686390818.7919463,1029586228.1879194,1372781637.5838926,1715977046.9798658,1475000590.6040268,1234024134.2281878,993047677.8523489,752071221.47651,511094765.10067123,518255006.71140945,525415248.32214767,532575489.9328859,539735731.5436242,546895973.1543623,437516778.52348983,328137583.89261734,218758389.2617449,109379194.63087243,0.0,0.0,0.0,0.0,0.0,0.0,0.0,0.0,0.0,0.0,0.0
-300.0,-250.0,0.0,0.0,0.0,0.0,0.0,0.0,132677852.3489933,265355704.6979866,398033557.0469799,530711409.3959732,663389261.7449665,579396805.3691275,495404348.9932886,411411892.61744964,327419436.2416107,243426979.8657718,194741583.89261743,146056187.91946307,97370791.9463087,48685395.97315434,0.0,0.0,0.0,0.0,0.0,0.0,5111570.469798658,10223140.939597316,15334711.409395974,20446281.879194632,25557852.34899329,25380000.0,25202147.65100671,25024295.30201342,24846442.95302013,24668590.604026847
-250.0,-200.0,0.0,0.0,0.0,0.0,0.0,0.0,97950496.6442953,195900993.2885906,293851489.9328859,391801986.5771812,489752483.2214765,380551140.9395973,271349798.6577181,162148456.37583894,52947114.09395975,-56254228.18791947,-39891812.08053692,-23529395.97315437,-7166979.865771815,9195436.241610736,25557852.34899329,25557852.34899329,25557852.34899329,25557852.34899329,25557852.34899329,25557852.34899329,20446281.879194632,15334711.409395974,10223140.939597316,5111570.469798658,0.0,0.0,0.0,0.0,0.0,0.0
-200.0,-150.0,0.0,0.0,0.0,0.0,0.0,0.0,191369127.51677853,382738255.03355706,574107382.5503356,765476510.0671141,956845637.5838926,480774308.7248322,4702979.86577177,-471368348.99328864,-947439677.852349,-1423511006.7114093,-1138808805.3691275,-854106604.0268457,-569404402.6845639,-284702201.342282,0.0,0.0,0.0,0.0,0.0,0.0,0.0,0.0,0.0,0.0,0.0,0.0,0.0,0.0,0.0,0.0
-150.0,-100.0,0.0,0.0,0.0,0.0,0.0,0.0,132809557.04697986,265619114.09395972,398428671.1409396,531238228.18791944,664047785.2348993,604157691.2751677,544267597.3154361,484377503.3557046,424487409.395973,364597315.4362416,507854013.4228188,651110711.4093959,794367409.3959731,937624107.3825502,1080880805.3691275,1077501610.738255,1074122416.1073825,1070743221.47651,1067364026.8456376,1063984832.2147652,1059894228.1879195,1055803624.1610738,1051713020.1342281,1047622416.1073824,1043531812.0805368,1038729798.6577181,1033927785.2348993,1029125771.8120805,1024323758.3892617,1019521744.9664428
-100.0,-90.0,0.0,0.0,0.0,0.0,0.0,0.0,241477342.28187913,482954684.56375825,724432026.8456373,965909369.1275165,1207386711.4093957,965909369.1275165,724432026.8456373,482954684.5637582,241477342.28187907,0.0,0.0,0.0,0.0,0.0,0.0,0.0,0.0,0.0,0.0,0.0,0.0,0.0,0.0,0.0,0.0,0.0,0.0,0.0,0.0,0.0
-90.0,-80.0,0.0,0.0,0.0,0.0,0.0,0.0,0.0,0.0,0.0,0.0,0.0,0.0,0.0,0.0,0.0,0.0,0.0,0.0,0.0,0.0,0.0,0.0,0.0,0.0,0.0,0.0,0.0,0.0,0.0,0.0,0.0,0.0,0.0,0.0,0.0,0.0
-80.0,-70.0,0.0,0.0,0.0,0.0,0.0,0.0,0.0,0.0,0.0,0.0,0.0,0.0,0.0,0.0,0.0,0.0,0.0,0.0,0.0,0.0,0.0,0.0,0.0,0.0,0.0,0.0,329026845.63758385,658053691.2751677,987080536.9127517,1316107382.5503354,1645134228.1879194,1639265100.671141,1633395973.1543624,1627526845.637584,1621657718.1208053,1615788590.6040268
-70.0,-60.0,0.0,0.0,0.0,0.0,0.0,0.0,0.0,0.0,0.0,0.0,0.0,0.0,0.0,0.0,0.0,0.0,334718120.80536914,669436241.6107383,1004154362.4161074,1338872483.2214766,1673590604.0268457,1671456375.838926,1669322147.6510065,1667187919.4630868,1665053691.2751672,1662919463.087248,1330335570.4697986,997751677.8523489,665167785.2348993,332583892.61744964,0.0,0.0,0.0,0.0,0.0,0.0
-60.0,-50.0,0.0,0.0,0.0,0.0,0.0,0.0,261798657.71812075,523597315.4362415,785395973.1543622,1047194630.872483,1308993288.5906038,1047194630.872483,785395973.1543622,523597315.43624145,261798657.7181207,0.0,0.0,0.0,0.0,0.0,0.0,0.0,0.0,0.0,0.0,0.0,0.0,0.0,0.0,0.0,0.0,0.0,0.0,0.0,0.0,0.0
-50.0,-40.0,0.0,0.0,0.0,0.0,0.0,0.0,0.0,0.0,0.0,0.0,0.0,0.0,0.0,0.0,0.0,0.0,0.0,0.0,0.0,0.0,0.0,0.0,0.0,0.0,0.0,0.0,0.0,0.0,0.0,0.0,0.0,0.0,0.0,0.0,0.0,0.0
-40.0,-30.0,0.0,0.0,0.0,0.0,0.0,0.0,0.0,0.0,0.0,0.0,0.0,0.0,0.0,0.0,0.0,0.0,0.0,0.0,0.0,0.0,0.0,0.0,0.0,0.0,0.0,0.0,0.0,0.0,0.0,0.0,0.0,0.0,0.0,0.0,0.0,0.0
-30.0,-20.0,0.0,0.0,0.0,0.0,0.0,0.0,265355704.6979865,530711409.395973,796067114.0939596,1061422818.791946,1326778523.4899328,1061422818.791946,796067114.0939596,530711409.395973,265355704.69798648,0.0,0.0,0.0,0.0,0.0,0.0,0.0,0.0,0.0,0.0,0.0,0.0,0.0,0.0,0.0,0.0,427418604.02684563,854837208.0536913,1282255812.0805368,1709674416.1073825,2137093020.1342282
-20.0,-10.0,0.0,0.0,0.0,0.0,0.0,0.0,0.0,0.0,0.0,0.0,0.0,481624161.0738255,963248322.147651,1444872483.2214766,1926496644.295302,2408120805.3691273,1926496644.295302,1444872483.2214766,963248322.1476511,481624161.0738256,0.0,0.0,0.0,0.0,0.0,0.0,0.0,0.0,0.0,0.0,0.0,0.0,0.0,0.0,0.0,0.0
-10.0,0.0,0.0,0.0,0.0,0.0,0.0,0.0,120178782839.78525,240357565679.5705,360536348519.3557,480715131359.141,600893914198.9263,605912787593.6108,610931660988.2954,615950534382.98,620969407777.6646,625988281172.349,628329892953.047,630671504733.745,633013116514.443,635354728295.141,637696340075.839,641507858718.792,645319377361.745,649130896004.698,652942414647.651,656753933290.6041,660433174425.6107,664112415560.6174,667791656695.6241,671470897830.6309,675150138965.6376,678996599190.7383,682843059415.839,686689519640.9397,690535979866.0404,694382440091.141
0.0,0.0,0.0,0.0,0.0,0.0,0.0,0.0,0.0,0.0,0.0,0.0,0.0,0.0,0.0,0.0,0.0,0.0,0.0,0.0,0.0,0.0,0.0,0.0,0.0,0.0,0.0,0.0,0.0,0.0,0.0,0.0,0.0,0.0,0.0,0.0,0.0,0.0
0.1,10.0,0.0,0.0,0.0,0.0,0.0,0.0,-258511758.38926178,-517023516.77852356,-775535275.1677853,-1034047033.5570471,-1292558791.9463089,-1034047033.5570471,-775535275.1677853,-517023516.7785236,-258511758.38926184,0.0,0.0,0.0,0.0,0.0,0.0,0.0,0.0,0.0,0.0,0.0,0.0,0.0,0.0,0.0,0.0,0.0,0.0,0.0,0.0,0.0
10.0,20.0,0.0,0.0,0.0,0.0,0.0,0.0,12596013767.570469,25192027535.140938,37788041302.71141,50384055070.281876,62980068837.85234,74862982563.4094,86745896288.96645,98628810014.52351,110511723740.08055,122394637465.6376,122890686627.38257,123386735789.12753,123882784950.8725,124378834112.61746,124874883274.36241,125620433926.55034,126365984578.73825,127111535230.9262,127857085883.11412,128602636535.30202,129327881454.14766,130053126372.9933,130778371291.83894,131503616210.68459,132228861129.53026,132978792773.71817,133728724417.90608,134478656062.094,135228587706.2819,135978519350.46982
20.0,30.0,0.0,0.0,0.0,0.0,0.0,0.0,20214282762.979866,40428565525.95973,60642848288.9396,80857131051.91946,101071413814.89932,89918386040.67114,78765358266.44296,67612330492.21478,56459302717.9866,45306274943.7584,45579882880.83222,45853490817.906044,46127098754.979866,46400706692.05369,46674314629.12751,46953287698.30872,47232260767.48994,47511233836.67115,47790206905.85236,48069179975.03357,48790659536.26846,49512139097.50336,50233618658.73825,50955098219.97314,51676577781.20805,51507679048.37584,51338780315.543625,51169881582.7114,51000982849.879196,50832084117.04698
30.0,40.0,0.0,0.0,0.0,0.0,0.0,0.0,28989932.88590604,57979865.77181208,86969798.65771812,115959731.54362416,144949664.4295302,115959731.54362416,86969798.65771812,57979865.77181208,28989932.88590604,0.0,81812080.53691275,163624161.0738255,245436241.61073828,327248322.147651,409060402.68456376,407815436.24161077,406570469.7986578,405325503.3557048,404080536.9127518,402835570.4697987,401234899.3288591,399634228.1879195,398033557.0469799,396432885.9060403,394832214.76510066,315865771.8120805,236899328.85906038,157932885.90604025,78966442.95302013,0.0
40.0,50.0,0.0,0.0,0.0,0.0,0.0,0.0,0.0,0.0,0.0,0.0,0.0,0.0,0.0,0.0,0.0,0.0,0.0,0.0,0.0,0.0,0.0,0.0,0.0,0.0,0.0,0.0,0.0,0.0,0.0,0.0,0.0,77187919.46308725,154375838.9261745,231563758.38926172,308751677.852349,385939597.31543624
50.0,60.0,0.0,0.0,0.0,0.0,0.0,0.0,-97463501.34228188,-194927002.68456376,-292390504.02684563,-389854005.3691275,-487317506.7114094,-389854005.3691275,-292390504.02684563,-194927002.68456376,-97463501.34228188,0.0,226761744.96644297,453523489.93288594,680285234.899329,907046979.8657719,1133808724.8322148,907046979.8657719,680285234.899329,453523489.932886,226761744.96644303,0.0,0.0,0.0,0.0,0.0,0.0,0.0,0.0,0.0,0.0,0.0
60.0,70.0,0.0,0.0,0.0,0.0,0.0,0.0,1312781073.8255033,2625562147.6510067,3938343221.476509,5251124295.302013,6563905369.127516,5121885021.476509,3679864673.8255024,2237844326.1744957,795823978.5234892,-646196369.127517,-650098612.4026847,-654000855.6778525,-657903098.9530203,-661805342.2281882,-665707585.5033557,15973558.684563637,697654702.872483,1379335847.0604024,2061016991.2483218,2742698135.4362407,2053135499.5436237,1363572863.6510062,674010227.7583888,-15552408.134228706,-705115044.0268457,-709093890.6040269,-713072737.1812081,-717051583.7583894,-721030430.3355706,-725009276.9127517
70.0,80.0,0.0,0.0,0.0,0.0,0.0,0.0,0.0,0.0,0.0,0.0,0.0,187812080.53691274,375624161.0738255,563436241.6107383,751248322.147651,939060402.6845636,751248322.147651,563436241.6107383,375624161.07382554,187812080.5369128,0.0,0.0,0.0,0.0,0.0,0.0,210577181.20805368,421154362.41610736,631731543.624161,842308724.8322147,1052885906.0402683,4879680871.651007,8706475837.261745,12533270802.872484,16360065768.483223,20186860734.09396
80.0,90.0,0.0,0.0,0.0,0.0,0.0,0.0,9452559010.630873,18905118021.261745,28357677031.892616,37810236042.52349,47262795053.15437,46852006451.48994,46441217849.82551,46030429248.16108,45619640646.49665,45208852044.83222,45481872155.62417,45754892266.416115,46027912377.20806,46300932488.00001,46573952598.79195,46852325386.55033,47130698174.308716,47409070962.0671,47687443749.825485,47965816537.583885,48238836424.37583,48511856311.16778,48784876197.959724,49057896084.75167,49330915971.543625,45772890168.69799,42214864365.852356,38656838563.00672,35098812760.16109,31540786957.315445
90.0,100.0,0.0,0.0,0.0,0.0,0.0,0.0,0.0,0.0,0.0,0.0,0.0,0.0,0.0,0.0,0.0,0.0,482328832.2147651,964657664.4295301,1446986496.6442952,1929315328.8590603,2411644161.0738254,1929315328.8590603,1446986496.6442952,964657664.4295301,482328832.2147651,0.0,0.0,0.0,0.0,0.0,0.0,0.0,0.0,0.0,0.0,0.0
100.0,150.0,0.0,0.0,0.0,0.0,0.0,0.0,4552164291.087249,9104328582.174498,13656492873.261745,18208657164.348995,22760821455.43624,22524942212.671143,22289062969.90604,22053183727.140938,21817304484.375835,21581425241.61074,21711756910.89933,21842088580.18792,21972420249.47651,22102751918.7651,22233083588.053688,22365971003.060402,22498858418.067116,22631745833.07383,22764633248.080544,22897520663.08725,23027852556.375843,23158184449.66444,23288516342.95303,23418848236.24162,23549180129.53021,23682067544.53692,23814954959.54363,23947842374.55034,24080729789.55705,24213617204.563763
150.0,200.0,0.0,0.0,0.0,0.0,0.0,0.0,3074610755.1946306,6149221510.389261,9223832265.583893,12298443020.778522,15373053775.973154,14136465133.986578,12899876492.000002,11663287850.013426,10426699208.02685,9190110566.04027,9256992975.57047,9323875385.100672,9390757794.630873,9457640204.161074,9524522613.691275,9580754950.201342,9636987286.711409,9693219623.221476,9749451959.731543,9805684296.241613,9850157309.79866,9894630323.355707,9939103336.912754,9983576350.469799,10028049364.026848,10084637227.382551,10141225090.738255,10197812954.093958,10254400817.449661,10310988680.805368
200.0,250.0,0.0,0.0,0.0,0.0,0.0,0.0,1266291179.9731545,2532582359.946309,3798873539.9194636,5065164719.892618,6331455899.865772,7019982315.758389,7708508731.651007,8397035147.543624,9085561563.436241,9774087979.32886,9843990659.194632,9913893339.060404,9983796018.926176,10053698698.791948,10123601378.657717,10135693776.080536,10147786173.503355,10159878570.926174,10171970968.348993,10184063365.771812,8882585991.946308,7581108618.120805,6279631244.295301,4978153870.469798,3676676496.644295,3696594219.57047,3716511942.4966445,3736429665.422819,3756347388.3489933,3776265111.275168
250.0,300.0,0.0,0.0,0.0,0.0,0.0,0.0,0.0,0.0,0.0,0.0,0.0,284471463.0872483,568942926.1744967,853414389.261745,1137885852.3489933,1422357315.4362416,2358453852.3489933,3294550389.261745,4230646926.1744967,5166743463.087249,6102840000.0,6099994362.416107,6097148724.832214,6094303087.248322,6091457449.664429,6088611812.080537,6188334093.959731,6288056375.838925,6387778657.71812,6487500939.597314,6587223221.476509,6563746711.409396,6540270201.342281,6516793691.275167,6493317181.208054,6469840671.140939
300.0,350.0,0.0,0.0,0.0,0.0,0.0,0.0,1376175328.8590605,2752350657.718121,4128525986.577182,5504701315.436242,6880876644.295302,5504701315.436242,4128525986.577182,2752350657.7181215,1376175328.859061,0.0,0.0,0.0,0.0,0.0,0.0,0.0,0.0,0.0,0.0,0.0,1208829744.966443,2417659489.932886,3626489234.899329,4835318979.865772,6044148724.832215,6027074899.328859,6010001073.825503,5992927248.322147,5975853422.818791,5958779597.315436
350.0,400.0,0.0,0.0,0.0,0.0,0.0,0.0,86614093.95973155,173228187.9194631,259842281.87919465,346456375.8389262,433070469.7986577,346456375.8389262,259842281.87919465,173228187.9194631,86614093.95973155,0.0,0.0,0.0,0.0,0.0,0.0,0.0,0.0,0.0,0.0,0.0,0.0,0.0,0.0,0.0,0.0,0.0,0.0,0.0,0.0,0.0
400.0,450.0,0.0,0.0,0.0,0.0,0.0,0.0,159224000.0,318448000.0,477672000.0,636896000.0,796120000.0,715506738.2550335,634893476.510067,554280214.7651005,473666953.02013403,393053691.27516776,393765100.6711409,394476510.06711406,395187919.46308726,395899328.85906035,396610738.25503355,317288590.60402685,237966442.95302016,158644295.3020135,79322147.65100674,0.0,0.0,0.0,0.0,0.0,0.0,0.0,0.0,0.0,0.0,0.0
450.0,500.0,0.0,0.0,0.0,0.0,0.0,0.0,2092215624.1610742,4184431248.3221483,6276646872.483223,8368862496.644297,10461078120.80537,8368862496.644297,6276646872.483223,4184431248.322149,2092215624.1610746,0.0,181455543.62416106,362911087.2483221,544366630.8724833,725822174.4966443,907277718.1208053,803899355.7046978,700520993.2885904,597142630.872483,493764268.45637566,390385906.0402685,388963087.2483222,387540268.4563759,386117449.6644296,384694630.8724833,383271812.0805369,381493288.590604,379714765.1006711,377936241.6107382,376157718.1208053,374379194.6308725
500.0,550.0,0.0,0.0,0.0,0.0,0.0,0.0,172338926.17449665,344677852.3489933,517016778.52349,689355704.6979866,861694630.8724833,1358482389.261745,1855270147.6510067,2352057906.0402684,2848845664.42953,3345633422.818792,3118693825.5033555,2891754228.187919,2664814630.872483,2437875033.5570464,2210935436.2416105,1947180402.6845636,1683425369.1275167,1419670335.5704699,1155915302.013423,892160268.4563758,713728214.7651007,535296161.07382554,356864107.38255036,178432053.69127518,0.0,0.0,0.0,0.0,0.0,0.0
550.0,600.0,0.0,0.0,0.0,0.0,0.0,0.0,168781879.19463086,337563758.3892617,506345637.5838926,675127516.7785234,843909395.9731543,675127516.7785234,506345637.5838926,337563758.3892617,168781879.19463086,0.0,303949664.4295302,607899328.8590604,911848993.2885907,1215798657.7181208,1519748322.147651,1296010067.114094,1072271812.080537,848533557.04698,624795302.0134228,401057046.9798658,495898496.64429533,590739946.3087249,685581395.9731544,780422845.637584,875264295.3020134,871351543.624161,867438791.9463086,863526040.2684562,859613288.5906038,855700536.9127517
600.0,650.0,0.0,0.0,0.0,0.0,0.0,0.0,89104026.84563759,178208053.69127518,267312080.53691277,356416107.38255036,445520134.228188,1999244993.2885911,3552969852.3489943,5106694711.409397,6660419570.4698,8214144429.530203,15233910817.28859,22253677205.046978,29273443592.805367,36293209980.56375,43312976368.32214,35461789658.41611,27610602948.510067,19759416238.604027,11908229528.697987,4057042818.791946,3321932912.7516775,2586823006.711409,1851713100.6711407,1116603194.6308722,381493288.59060407,7392157819.919464,14402822351.248325,21413486882.577187,28424151413.906048,35434815945.23491
650.0,700.0,0.0,0.0,0.0,0.0,0.0,0.0,17292477114.416107,34584954228.832214,51877431343.24832,69169908457.66443,86462385572.08054,82660180987.43625,78857976402.79196,75055771818.14767,71253567233.50339,67451362648.859055,68377875658.55034,69304388668.24161,70230901677.93289,71157414687.62418,72083927697.31544,73969243440.67116,75854559184.02687,77739874927.38258,79625190670.7383,81510506414.09398,88157382276.08055,94804258138.06712,101451134000.0537,108098009862.04027,114744885724.02687,107705204524.26846,100665523324.51007,93625842124.75168,86586160924.99329,79546479725.23492
700.0,750.0,0.0,0.0,0.0,0.0,0.0,0.0,6962640149.664432,13925280299.328863,20887920448.993294,27850560598.657726,34813200748.32215,37991897128.53692,41170593508.751686,44349289888.96645,47527986269.18122,50706682649.39598,50319992503.7584,49933302358.12082,49546612212.48324,49159922066.84566,48773231921.20806,49496457679.03356,50219683436.85906,50942909194.68456,51666134952.51006,52389360710.33557,43748756219.27517,35108151728.21477,26467547237.154366,17826942746.093964,9186338255.033556,21629838620.161083,34073338985.2886,46516839350.41612,58960339715.54364,71403840080.67116
750.0,800.0,0.0,0.0,0.0,0.0,0.0,0.0,18045775257.422817,36091550514.845634,54137325772.26845,72183101029.69127,90228876287.11409,90272311197.36913,90315746107.62416,90359181017.8792,90402615928.13423,90446050838.38928,98066230276.80539,105686409715.2215,113306589153.6376,120926768592.05371,128546948030.46982,115757839542.30875,102968731054.14769,90179622565.9866,77390514077.82553,64601405589.664444,74593095979.08727,84584786368.51009,94576476757.9329,104568167147.35573,114559857536.77853,118727038346.22821,122894219155.67789,127061399965.12756,131228580774.57724,135395761584.02687
800.0,850.0,0.0,0.0,0.0,0.0,0.0,0.0,29236374813.15437,58472749626.30874,87709124439.4631,116945499252.61748,146181874065.77185,145870233999.2215,145558593932.67114,145246953866.1208,144935313799.57043,144623673733.02014,132594202853.5839,120564731974.14764,108535261094.7114,96505790215.27515,84476319335.83893,93716774457.42282,102957229579.00673,112197684700.5906,121438139822.1745,130678594943.75839,136054070642.14766,141429546340.53693,146805022038.92618,152180497737.31543,157555973435.7047,142787729651.54364,128019485867.38257,113251242083.2215,98482998299.06042,83714754514.89932
850.0,900.0,0.0,0.0,0.0,0.0,0.0,0.0,72030201.34228188,144060402.68456376,216090604.02684563,288120805.3691275,360151006.7114094,844798657.7181207,1329446308.724832,1814093959.7315433,2298741610.7382545,2783389261.744966,13802834864.671143,24822280467.59732,35841726070.5235,46861171673.44968,57880617276.37584,57611821968.214775,57343026660.0537,57074231351.89263,56805436043.73156,56536640735.57048,45755577689.127525,34974514642.68457,24193451596.241615,13412388549.79866,2631325503.355705,13965356890.657719,25299388277.959732,36633419665.26175,47967451052.56377,59301482439.86577
900.0,950.0,0.0,0.0,0.0,0.0,0.0,0.0,10575300523.94631,21150601047.89262,31725901571.83893,42301202095.78524,52876502619.73155,52872199863.114105,52867897106.49666,52863594349.87921,52859291593.26176,52854988836.6443,42283991069.31545,31712993301.986584,21141995534.657726,10570997767.328863,0.0,11876678049.208057,23753356098.416115,35630034147.624176,47506712196.83223,59383390246.04028,59041554538.013435,58699718829.98659,58357883121.95974,58016047413.93289,57674211705.906044,46656919700.2953,35639627694.68456,24622335689.073822,13605043683.463083,2587751677.852349
950.0,1000.0,0.0,0.0,0.0,0.0,0.0,0.0,9910164206.845638,19820328413.691277,29730492620.536915,39640656827.38255,49550821034.228195,39640656827.38255,29730492620.536915,19820328413.691277,9910164206.845638,0.0,10180076876.75168,20360153753.50336,30540230630.255035,40720307507.00672,50900384383.75839,40720307507.00672,30540230630.255035,20360153753.50336,10180076876.75168,0.0,11415620978.738256,22831241957.476513,34246862936.214767,45662483914.953026,57078104893.691284,56749406714.68457,56420708535.67786,56092010356.67114,55763312177.66443,55434613998.65773
1000.0,1050.0,0.0,0.0,0.0,0.0,0.0,0.0,0.0,0.0,0.0,0.0,0.0,9881695142.738255,19763390285.47651,29645085428.214764,39526780570.95302,49408475713.69128,39526780570.95302,29645085428.214764,19763390285.47651,9881695142.738255,0.0,10484309060.161076,20968618120.32215,31452927180.483227,41937236240.6443,52421545300.80538,41937236240.6443,31452927180.483227,20968618120.32215,10484309060.161076,0.0,605541100.671141,1211082201.342282,1816623302.013423,2422164402.684564,3027705503.3557053
1050.0,1100.0,0.0,0.0,0.0,0.0,0.0,0.0,0.0,0.0,0.0,0.0,0.0,0.0,0.0,0.0,0.0,0.0,0.0,0.0,0.0,0.0,0.0,0.0,0.0,0.0,0.0,0.0,0.0,0.0,0.0,0.0,0.0,0.0,0.0,0.0,0.0,0.0
1100.0,1150.0,0.0,0.0,0.0,0.0,0.0,0.0,0.0,0.0,0.0,0.0,0.0,0.0,0.0,0.0,0.0,0.0,0.0,0.0,0.0,0.0,0.0,0.0,0.0,0.0,0.0,0.0,0.0,0.0,0.0,0.0,0.0,0.0,0.0,0.0,0.0,0.0
1150.0,1200.0,0.0,0.0,0.0,0.0,0.0,0.0,0.0,0.0,0.0,0.0,0.0,0.0,0.0,0.0,0.0,0.0,0.0,0.0,0.0,0.0,0.0,0.0,0.0,0.0,0.0,0.0,0.0,0.0,0.0,0.0,0.0,0.0,0.0,0.0,0.0,0.0
1200.0,1250.0,0.0,0.0,0.0,0.0,0.0,0.0,0.0,0.0,0.0,0.0,0.0,0.0,0.0,0.0,0.0,0.0,0.0,0.0,0.0,0.0,0.0,0.0,0.0,0.0,0.0,0.0,0.0,0.0,0.0,0.0,0.0,0.0,0.0,0.0,0.0,0.0
1250.0,1300.0,0.0,0.0,0.0,0.0,0.0,0.0,0.0,0.0,0.0,0.0,0.0,0.0,0.0,0.0,0.0,0.0,0.0,0.0,0.0,0.0,0.0,0.0,0.0,0.0,0.0,0.0,0.0,0.0,0.0,0.0,0.0,0.0,0.0,0.0,0.0,0.0
1300.0,1350.0,0.0,0.0,0.0,0.0,0.0,0.0,0.0,0.0,0.0,0.0,0.0,537291946.3087248,1074583892.6174495,1611875838.9261742,2149167785.234899,2686459731.5436234,2149167785.234899,1611875838.9261742,1074583892.6174493,537291946.3087245,0.0,0.0,0.0,0.0,0.0,0.0,0.0,0.0,0.0,0.0,0.0,0.0,0.0,0.0,0.0,0.0
1350.0,1400.0,0.0,0.0,0.0,0.0,0.0,0.0,0.0,0.0,0.0,0.0,0.0,0.0,0.0,0.0,0.0,0.0,0.0,0.0,0.0,0.0,0.0,0.0,0.0,0.0,0.0,0.0,0.0,0.0,0.0,0.0,0.0,0.0,0.0,0.0,0.0,0.0
1400.0,1450.0,0.0,0.0,0.0,0.0,0.0,0.0,0.0,0.0,0.0,0.0,0.0,0.0,0.0,0.0,0.0,0.0,0.0,0.0,0.0,0.0,0.0,0.0,0.0,0.0,0.0,0.0,0.0,0.0,0.0,0.0,0.0,0.0,0.0,0.0,0.0,0.0
1450.0,1500.0,0.0,0.0,0.0,0.0,0.0,0.0,212276885.90604028,424553771.81208056,636830657.7181208,849107543.6241611,1061384429.5302014,849107543.6241611,636830657.7181208,424553771.8120805,212276885.90604022,0.0,0.0,0.0,0.0,0.0,0.0,0.0,0.0,0.0,0.0,0.0,0.0,0.0,0.0,0.0,0.0,0.0,0.0,0.0,0.0,0.0
1500.0,1550.0,0.0,0.0,0.0,0.0,0.0,0.0,0.0,0.0,0.0,0.0,0.0,0.0,0.0,0.0,0.0,0.0,0.0,0.0,0.0,0.0,0.0,0.0,0.0,0.0,0.0,0.0,0.0,0.0,0.0,0.0,0.0,0.0,0.0,0.0,0.0,0.0
1550.0,1600.0,0.0,0.0,0.0,0.0,0.0,0.0,332250282577.63763,664500565155.2753,996750847732.9128,1329001130310.5505,1661251412888.1885,1702170848366.3896,1743090283844.591,1784009719322.7925,1824929154800.994,1865848590279.1948,1877235651319.0337,1888622712358.8726,1900009773398.7114,1911396834438.5503,1922783895478.3894,1934265960216.4297,1945748024954.47,1957230089692.5103,1968712154430.5505,1980194219168.5908,1991454517585.1008,2002714816001.6108,2013975114418.1208,2025235412834.6309,2036495711251.141,2047976353216.537,2059456995181.933,2070937637147.329,2082418279112.7249,2093898921078.1216
